country_code,file_name,file_size_kb,file_extension,dimensions,aspect_ratio,flag_type,quality,source_url,dominant_colours
ad,ad.svg,28.459,SVG,"(512, 512)",1.0,,100,,"#0018a8,#0065bd,#703d29,#c7b37f,#d0103a,#d52b1e,#fcd900,#fedf00,#fff"
ae,ae.svg,0.268,SVG,"(512, 512)",1.0,,8,,"#000001,#00732f,#fff"
af,af.svg,18.539,SVG,"(512, 512)",1.0,,100,,"#000001,#090,#bd6b00,#bf0000,#fff"
ag,ag.svg,0.733,SVG,"(512, 512)",1.0,,12,,"#000001,#0072c6,#25ff01,#ce1126,#fcd116,#fff"
ai,ai.svg,2.26,SVG,"(512, 512)",1.0,,28,,"#012169,#9cf,#f90,#fdc301,#fff"
al,al.svg,3.065,SVG,"(512, 512)",1.0,,4,,#000001
am,am.svg,0.23,SVG,"(512, 512)",1.0,,6,,"#0033a0,#d90012,#f2a800"
ao,ao.svg,1.564,SVG,"(512, 512)",1.0,,18,,"#000001,#fe0,#ffec00"
aq,aq.svg,2.854,SVG,"(512, 512)",1.0,,6,,"#3a7dce,#fff"
ar,ar.svg,3.359,SVG,"(512, 512)",1.0,,28,,"#74acdf,#843511,#85340a,#f6b40e,#fff"
as,as.svg,30.25,SVG,"(512, 512)",1.0,,100,,"#006,#5a3719,#7b3c20,#999,#aa5323,#bd1021,#ffc221,#fff"
at,at.svg,0.198,SVG,"(512, 512)",1.0,,4,,"#c8102e,#fff"
au,au.svg,1.227,SVG,"(512, 512)",1.0,,12,,"#00008b,#fff"
aw,aw.svg,10.112,SVG,"(512, 512)",1.0,,100,,"#39c,#69c,#6cc,#9cc,#9cf,#c00,#c33,#c66,#ccf,#cff,#fcc,#ff0"
ax,ax.svg,0.53,SVG,"(512, 512)",1.0,,12,,"#0053a5,#d21034,#ffce00"
az,az.svg,0.477,SVG,"(512, 512)",1.0,,12,,"#00b9e4,#3f9c35,#ed2939,#fff"
ba,ba.svg,1.145,SVG,"(512, 512)",1.0,,8,,"#009,#fc0,#fff"
bb,bb.svg,0.604,SVG,"(512, 512)",1.0,,6,,"#000001,#00267f,#ffc726"
bd,bd.svg,0.185,SVG,"(512, 512)",1.0,,4,,"#006a4e,#f42a41"
be,be.svg,0.295,SVG,"(512, 512)",1.0,,6,,"#000001,#f31830,#ffd90c"
bf,bf.svg,0.37,SVG,"(512, 512)",1.0,,6,,"#35a100,#de0000,#fff300"
bg,bg.svg,0.228,SVG,"(512, 512)",1.0,,6,,"#00966e,#d62612,#fff"
bh,bh.svg,0.27,SVG,"(512, 512)",1.0,,4,,"#ce1126,#fff"
bi,bi.svg,1.027,SVG,"(512, 512)",1.0,,14,,"#18b637,#cf0921,#fff"
bj,bj.svg,0.489,SVG,"(512, 512)",1.0,,8,,"#319400,#de2110,#ffd600"
bl,bl.svg,0.282,SVG,"(512, 512)",1.0,,6,,"#00267f,#f31830,#fff"
bm,bm.svg,21.865,SVG,"(512, 512)",1.0,,100,,"#006,#2f8f22,#64b4d1,#784421,#c8102e,#cf142b,#d40000,#e4cb5e,#f5ce00,#fff"
bn,bn.svg,13.155,SVG,"(512, 512)",1.0,,54,,"#000001,#cf1126,#f7e017,#fff"
bo,bo.svg,102.273,SVG,"(512, 512)",1.0,,100,,"#005000,#007934,#007a3d,#00a6de,#00e519,#452c25,#574f4c,#5e3f17,#7a2e26,#842116,#a05a2c,#bd8759,#c6262c,#cccccf,#cce5e5,#d52b1e,#d9c0b9,#dba05f,#dcddde,#e7e7e7,#e8a30e,#f7e214,#ffe000,#ffe533,#fff"
bq,bq.svg,0.22,SVG,"(512, 512)",1.0,,6,,"#21468b,#ae1c28,#fff"
br,br.svg,6.588,SVG,"(512, 512)",1.0,,50,,"#229e45,#2b49a3,#309e3a,#f7ffff,#f8e509,#fff,#ffffef"
bs,bs.svg,0.565,SVG,"(512, 512)",1.0,,10,,"#000001,#08ced6,#ffe900,#fff"
bt,bt.svg,23.929,SVG,"(512, 512)",1.0,,100,,"#ff4e12,#ffd520,#fff"
bv,bv.svg,0.571,SVG,"(512, 512)",1.0,,10,,"#003897,#d72828,#fff"
bw,bw.svg,0.26,SVG,"(512, 512)",1.0,,6,,"#000001,#00cbff,#fff"
by,by.svg,2.033,SVG,"(512, 512)",1.0,,12,,"#007c30,#ce1720,#fff"
bz,bz.svg,41.677,SVG,"(512, 512)",1.0,,100,,"#000001,#003f87,#005800,#006ac8,#007f00,#289400,#5ac800,#69f,#730000,#782121,#7e4b7e,#9b5f00,#9dd7ff,#b34b00,#ccb8c8,#ce1126,#ff0018,#ffa54b,#ffb366,#ffd800,#ffd83c,#fff"
ca,ca.svg,0.617,SVG,"(512, 512)",1.0,,4,,"#d52b1e,#fff"
cc,cc.svg,2.983,SVG,"(512, 512)",1.0,,16,,"#802000,#ffe000"
cd,cd.svg,0.486,SVG,"(512, 512)",1.0,,8,,"#007fff,#ce1021,#f7d618,#fff"
cf,cf.svg,0.62,SVG,"(512, 512)",1.0,,14,,"#009a00,#00f,#ff0,#fff"
cg,cg.svg,0.45,SVG,"(512, 512)",1.0,,8,,"#00ca00,#ff0"
ch,ch.svg,0.281,SVG,"(512, 512)",1.0,,6,,#fff
ci,ci.svg,0.273,SVG,"(512, 512)",1.0,,6,,"#00cd00,#ff9a00,#fff"
ck,ck.svg,1.813,SVG,"(512, 512)",1.0,,14,,"#006,#c8102e,#fff"
cl,cl.svg,0.553,SVG,"(512, 512)",1.0,,10,,"#0039a6,#d52b1e,#fff"
cm,cm.svg,0.82,SVG,"(512, 512)",1.0,,8,,"#007a5e,#ce1126,#fcd116"
cn,cn.svg,0.733,SVG,"(512, 512)",1.0,,4,,"#ee1c25,#ff0"
co,co.svg,0.279,SVG,"(512, 512)",1.0,,6,,"#00148e,#da0010,#ffe800"
cr,cr.svg,0.283,SVG,"(512, 512)",1.0,,6,,"#0000b4,#d90000,#fff"
cu,cu.svg,0.555,SVG,"(512, 512)",1.0,,10,,"#002a8f,#cb1515,#fff"
cv,cv.svg,1.328,SVG,"(512, 512)",1.0,,10,,"#081873,#de3929,#ffce08,#fff"
cw,cw.svg,0.678,SVG,"(512, 512)",1.0,,8,,"#002b7f,#f9e814,#fff"
cx,cx.svg,2.422,SVG,"(512, 512)",1.0,,16,,"#0021ad,#1c8a42,#ffc639,#fff"
cy,cy.svg,5.381,SVG,"(512, 512)",1.0,,6,,"#435125,#d47600,#fff"
cz,cz.svg,0.221,SVG,"(512, 512)",1.0,,6,,"#11457e,#d7141a,#fff"
de,de.svg,0.224,SVG,"(512, 512)",1.0,,6,,"#000001,#fc0"
dj,dj.svg,0.562,SVG,"(512, 512)",1.0,,10,,"#0c0,#69f,#fffefe"
dk,dk.svg,0.227,SVG,"(512, 512)",1.0,,6,,"#c8102e,#fff"
dm,dm.svg,15.885,SVG,"(512, 512)",1.0,,100,,"#000001,#009200,#108c00,#804bff,#a95600,#c90000,#e72910,#ff0,#ffd600,#ffe700,#fff"
do,do.svg,40.367,SVG,"(512, 512)",1.0,,100,,"#000001,#002d62,#006300,#00863d,#00873f,#008f4c,#201b18,#aa241e,#ce1126,#eac102,#ff0,#fff"
dz,dz.svg,0.299,SVG,"(512, 512)",1.0,,6,,"#006233,#d21034,#fff"
ec,ec.svg,28.659,SVG,"(512, 512)",1.0,,100,,"#0000c4,#00148e,#005b00,#38a9f9,#812e00,#908f8a,#984000,#a7cfff,#afff7b,#b74d00,#b7e1ff,#cececc,#da0010,#e10000,#fede00,#ffdf00,#ffe800,#fff"
ee,ee.svg,0.228,SVG,"(512, 512)",1.0,,6,,"#000001,#1791ff,#fff"
eg,eg.svg,8.534,SVG,"(512, 512)",1.0,,48,,"#000001,#c09300,#ce1126,#fff"
eh,eh.svg,0.573,SVG,"(512, 512)",1.0,,14,,"#000001,#007a3d,#c4111b,#fff"
er,er.svg,3.248,SVG,"(512, 512)",1.0,,10,,"#239e46,#b4d7f4,#be0027,#f3e295"
es,es.svg,80.224,SVG,"(512, 512)",1.0,,100,,"#0039f0,#005bbf,#058e6e,#aa151b,#ad1519,#c7b500,#c8b100,#ccc,#db4446,#ed72aa,#f1bf00,#ffd691,#fff"
et,et.svg,1.152,SVG,"(512, 512)",1.0,,12,,"#006bc6,#298c08,#ef2118,#ffc621"
fi,fi.svg,0.231,SVG,"(512, 512)",1.0,,6,,"#002f6c,#fff"
fj,fj.svg,23.571,SVG,"(512, 512)",1.0,,100,,"#000001,#00a651,#012169,#68bfe5,#964b36,#c8102e,#d21034,#ffd100,#fff,#fff200"
fk,fk.svg,27.821,SVG,"(512, 512)",1.0,,100,,"#005120,#0072c4,#012169,#b6b6b4,#bcbcbc,#be0f17,#c4c4c2,#c8102e,#dd8b59,#fecf3e,#fefefe,#fff"
fm,fm.svg,0.742,SVG,"(512, 512)",1.0,,6,,"#6797d6,#fff"
fo,fo.svg,0.515,SVG,"(512, 512)",1.0,,8,,"#003897,#d72828,#fff"
fr,fr.svg,0.226,SVG,"(512, 512)",1.0,,6,,"#000091,#e1000f,#fff"
ga,ga.svg,0.269,SVG,"(512, 512)",1.0,,6,,"#006dbc,#36a100,#ffe700"
gb,gb.svg,0.493,SVG,"(512, 512)",1.0,,10,,"#012169,#c8102e,#fff"
gd,gd.svg,1.811,SVG,"(512, 512)",1.0,,14,,"#007a5e,#ce1126,#fcd116"
ge,ge.svg,1.408,SVG,"(512, 512)",1.0,,8,,#fff
gf,gf.svg,0.226,SVG,"(512, 512)",1.0,,6,,"#000091,#e1000f,#fff"
gg,gg.svg,0.619,SVG,"(512, 512)",1.0,,8,,"#e8112d,#f9dd16,#fff"
gh,gh.svg,0.301,SVG,"(512, 512)",1.0,,8,,"#000001,#006b3f,#ce1126,#fcd116"
gi,gi.svg,2.814,SVG,"(512, 512)",1.0,,38,,"#000001,#da000c,#f8d80e,#fff"
gl,gl.svg,0.231,SVG,"(512, 512)",1.0,,4,,"#d00c33,#fff"
gm,gm.svg,0.37,SVG,"(512, 512)",1.0,,10,,"#009,#090,#fff"
gn,gn.svg,0.285,SVG,"(512, 512)",1.0,,6,,"#090,#ff0"
gp,gp.svg,0.226,SVG,"(512, 512)",1.0,,6,,"#000091,#e1000f,#fff"
gq,gq.svg,4.955,SVG,"(512, 512)",1.0,,34,,"#0073ce,#009a3b,#3e9a00,#73452b,#a36629,#e32118,#fff"
gr,gr.svg,0.841,SVG,"(512, 512)",1.0,,24,,"#0d5eaf,#fff"
gs,gs.svg,31.174,SVG,"(512, 512)",1.0,,100,,"#006,#006b00,#00713d,#00f,#012169,#1e5aa6,#2b2b2b,#474747,#5e0043,#656263,#6a4c2d,#8a9396,#923f00,#b4b6b9,#c01500,#c75b00,#c8102e,#cccccd,#cdad56,#cecfcf,#e80000,#fb0,#ff7000,#ffc900,#fff,#fffeff"
gt,gt.svg,30.617,SVG,"(512, 512)",1.0,,100,,"#34541f,#406325,#448127,#485654,#4997d0,#67923d,#6c301e,#8c959d,#a08307,#b07e09,#b2b6ba,#ba1f3e,#eac102,#f9f0aa,#fab81c,#fff"
gu,gu.svg,4.092,SVG,"(512, 512)",1.0,,34,,"#179a3b,#239e46,#3b5aa3,#a68861,#a79270,#add2d9,#bd0728,#be0027,#cbe0e5,#fdf9a1,#fdf9ff"
gw,gw.svg,0.899,SVG,"(512, 512)",1.0,,8,,"#000001,#009e49,#ce1126,#fcd116"
gy,gy.svg,0.47,SVG,"(512, 512)",1.0,,10,,"#000001,#399408,#de2110,#ffde08,#fff"
hk,hk.svg,0.699,SVG,"(512, 512)",1.0,,4,,"#ec1b2e,#fff"
hm,hm.svg,1.227,SVG,"(512, 512)",1.0,,12,,"#00008b,#fff"
hn,hn.svg,1.12,SVG,"(512, 512)",1.0,,6,,"#18c3df,#fff"
hr,hr.svg,30.551,SVG,"(512, 512)",1.0,,84,,"#0093dd,#171796,#f7db17,#fff"
ht,ht.svg,13.144,SVG,"(512, 512)",1.0,,100,,"#000001,#00209f,#016a16,#0a328c,#503200,#d20014,#d21034,#f1b517,#fff"
hu,hu.svg,0.267,SVG,"(512, 512)",1.0,,6,,"#388d00,#d43516,#fff"
id,id.svg,0.174,SVG,"(512, 512)",1.0,,4,,"#e70011,#fff"
ie,ie.svg,0.282,SVG,"(512, 512)",1.0,,6,,"#009a49,#ff7900,#fff"
il,il.svg,0.77,SVG,"(512, 512)",1.0,,12,,"#0038b8,#fff"
im,im.svg,9.473,SVG,"(512, 512)",1.0,,56,,"#ba0000,#ffe606,#ffec00,#ffef00,#fff"
in,in.svg,1.077,SVG,"(512, 512)",1.0,,16,,"#008,#128807,#f93,#fff"
io,io.svg,22.187,SVG,"(512, 512)",1.0,,100,,"#000063,#006300,#006d00,#012169,#a24300,#c00,#c8102e,#fff,#fff100"
iq,iq.svg,1.392,SVG,"(512, 512)",1.0,,12,,"#000001,#007a3d,#ce1126,#fff"
ir,ir.svg,14.938,SVG,"(512, 512)",1.0,,100,,"#239e3f,#239f40,#d90000,#da0000,#fff"
is,is.svg,0.508,SVG,"(512, 512)",1.0,,8,,"#003897,#d72828,#fff"
it,it.svg,0.282,SVG,"(512, 512)",1.0,,6,,"#009246,#ce2b37,#fff"
je,je.svg,34.208,SVG,"(512, 512)",1.0,,100,,"#2b2200,#377bc8,#504416,#806600,#cf142b,#d1b948,#fff"
jm,jm.svg,0.392,SVG,"(512, 512)",1.0,,8,,"#000001,#090,#fc0"
jo,jo.svg,0.686,SVG,"(512, 512)",1.0,,12,,"#000001,#090,#fff"
jp,jp.svg,0.474,SVG,"(512, 512)",1.0,,6,,"#bc002d,#fff"
ke,ke.svg,1.493,SVG,"(512, 512)",1.0,,16,,"#000001,#060,#b00,#fff"
kg,kg.svg,4.681,SVG,"(512, 512)",1.0,,4,,#ff0
kh,kh.svg,6.956,SVG,"(512, 512)",1.0,,100,,"#032ea1,#e00025,#fff"
ki,ki.svg,5.67,SVG,"(512, 512)",1.0,,56,,"#005989,#e73e2d,#fec74a,#ffc84b,#fff"
km,km.svg,1.007,SVG,"(512, 512)",1.0,,16,,"#239e46,#3b5aa3,#be0027,#ff0,#fff"
kn,kn.svg,0.796,SVG,"(512, 512)",1.0,,12,,"#000001,#35a100,#c70000,#ffe900,#fff"
kp,kp.svg,0.827,SVG,"(512, 512)",1.0,,14,,"#3e5698,#c40000,#c60000,#fff"
kr,kr.svg,0.834,SVG,"(512, 512)",1.0,,14,,"#000001,#0047a0,#cd2e3a,#fff"
kw,kw.svg,0.509,SVG,"(512, 512)",1.0,,10,,"#000001,#00d941,#f31830,#fff"
ky,ky.svg,22.824,SVG,"(512, 512)",1.0,,100,,"#000001,#00493d,#006,#012169,#024919,#059334,#073163,#0b50a0,#c8102e,#f9d050,#fcea83,#fff"
kz,kz.svg,6.93,SVG,"(512, 512)",1.0,,16,,"#00abc2,#ffec2d"
la,la.svg,0.493,SVG,"(512, 512)",1.0,,8,,"#002868,#ce1126,#fff"
lb,lb.svg,2.655,SVG,"(512, 512)",1.0,,10,,"#00a850,#ee161f,#fff"
lc,lc.svg,0.354,SVG,"(512, 512)",1.0,,8,,"#000001,#65cfff,#ffce00,#fff"
li,li.svg,7.168,SVG,"(512, 512)",1.0,,64,,"#000001,#002b7f,#ce1126,#ffd83d"
lk,lk.svg,10.484,SVG,"(512, 512)",1.0,,24,,"#000001,#005641,#8d2029,#ff5b00,#ffb700"
lr,lr.svg,0.67,SVG,"(512, 512)",1.0,,12,,"#006,#c00,#fff"
ls,ls.svg,1.11,SVG,"(512, 512)",1.0,,12,,"#00209f,#009543,#fff"
lt,lt.svg,0.429,SVG,"(512, 512)",1.0,,6,,"#006a44,#c1272d,#fdb913"
lu,lu.svg,0.228,SVG,"(512, 512)",1.0,,6,,"#00a1de,#ed2939,#fff"
lv,lv.svg,0.229,SVG,"(512, 512)",1.0,,4,,"#981e32,#fff"
ly,ly.svg,0.534,SVG,"(512, 512)",1.0,,10,,"#000001,#239e46,#e70013,#fff"
ma,ma.svg,0.24,SVG,"(512, 512)",1.0,,4,,#c1272d
mc,mc.svg,0.229,SVG,"(512, 512)",1.0,,4,,"#f31830,#fff"
md,md.svg,10.976,SVG,"(512, 512)",1.0,,100,,"#00319c,#008500,#008f00,#564dff,#a77b3b,#cac9c7,#da4500,#de2110,#ff0,#ff1900,#ffde00"
me,me.svg,55.615,SVG,"(512, 512)",1.0,,100,,"#1d5e91,#6d8c3e,#b96b29,#c40308,#c52126,#d3ae3b,#d4af3a"
mf,mf.svg,0.226,SVG,"(512, 512)",1.0,,6,,"#000091,#e1000f,#fff"
mg,mg.svg,0.292,SVG,"(512, 512)",1.0,,6,,"#007e3a,#fc3d32,#fff"
mh,mh.svg,0.735,SVG,"(512, 512)",1.0,,8,,"#3b5aa3,#e2ae57,#fff"
mk,mk.svg,0.397,SVG,"(512, 512)",1.0,,6,,"#d20000,#ffe600"
ml,ml.svg,0.27,SVG,"(512, 512)",1.0,,6,,"#009a00,#ff0"
mm,mm.svg,0.69,SVG,"(512, 512)",1.0,,8,,"#34b233,#ea2839,#fecb00,#fff"
mn,mn.svg,1.338,SVG,"(512, 512)",1.0,,20,,"#0066b3,#da2032,#ffd900"
mo,mo.svg,1.353,SVG,"(512, 512)",1.0,,8,,"#00785e,#fbd116,#fff"
mp,mp.svg,22.261,SVG,"(512, 512)",1.0,,100,,"#0071bc,#217900,#6b18b5,#8c1800,#8c8a8c,#de2010,#f7df73,#ffd200,#ffe300,#fff"
mq,mq.svg,0.221,SVG,"(512, 512)",1.0,,6,,"#00a650,#231f1e,#ef1923"
mr,mr.svg,0.42,SVG,"(512, 512)",1.0,,8,,"#006233,#cd2a3e,#ffc400"
ms,ms.svg,5.772,SVG,"(512, 512)",1.0,,46,,"#008021,#00a2bd,#012169,#870f00,#a53d08,#c8102e,#ff9a08,#ffe1cf,#fff"
mt,mt.svg,12.412,SVG,"(512, 512)",1.0,,78,,"#cf142b,#fff"
mu,mu.svg,0.309,SVG,"(512, 512)",1.0,,8,,"#009f4d,#151f6d,#ee2737,#ffcd00"
mv,mv.svg,0.297,SVG,"(512, 512)",1.0,,8,,"#007e3a,#d21034,#fff"
mw,mw.svg,3.678,SVG,"(512, 512)",1.0,,14,,"#000001,#21873b,#f31509,#f41408"
mx,mx.svg,78.327,SVG,"(512, 512)",1.0,,100,,"#006847,#016848,#04534e,#0c8489,#171717,#1c242f,#1e2121,#202020,#202220,#231f20,#30c2dc,#312317,#404118,#45392d,#4b4139,#4d2a15,#513625,#5c3818,#5c3a1d,#6c3f18,#6c4119,#6f5b24,#717732,#78732e,#803f1d,#816c2a,#874f20,#8b441f,#8b5122,#8cbebf,#8f4620,#904720,#953220,#977c2e,#9ca168,#a8ac71,#aa8c30,#ab6d29,#af7029,#b07229,#b27129,#bf802d,#c6c7a6,#cd202a,#ce1126,#d2a567,#d5d3ca,#dbad6c,#e92736,#f16e16,#f1a720,#f7e204,#f8c83c,#f9aa51,#f9c83a,#fcca3d,#fcca3e,#fcf3d8,#fdeaaf,#fff"
my,my.svg,1.134,SVG,"(512, 512)",1.0,,32,,"#006,#c00,#fc0,#fff"
mz,mz.svg,2.484,SVG,"(512, 512)",1.0,,26,,"#000001,#009a00,#ffca00,#fff"
na,na.svg,0.927,SVG,"(512, 512)",1.0,,16,,"#3662a2,#38a100,#c70000,#ffe700,#fff"
nc,nc.svg,1.287,SVG,"(512, 512)",1.0,,20,,"#000001,#0035ad,#009543,#ed4135,#fae600"
ne,ne.svg,0.272,SVG,"(512, 512)",1.0,,8,,"#0db02b,#e05206,#fff"
nf,nf.svg,5.248,SVG,"(512, 512)",1.0,,10,,"#198200,#fff"
ng,ng.svg,0.251,SVG,"(512, 512)",1.0,,4,,"#008753,#fff"
ni,ni.svg,16.888,SVG,"(512, 512)",1.0,,98,,"#0067c6,#00f,#0cf,#0f0,#17c0eb,#510000,#910000,#93bc30,#97c924,#9ecb34,#c6cb24,#c8a400,#ccd11e,#ede71f,#f60,#ff0,#ff2a2a,#ff3a3a,#fff"
nl,nl.svg,0.228,SVG,"(512, 512)",1.0,,6,,"#21468b,#ae1c28,#fff"
no,no.svg,0.311,SVG,"(512, 512)",1.0,,10,,"#002664,#ed2939,#fff"
np,np.svg,1.105,SVG,"(512, 512)",1.0,,8,,"#ce0000,#fff"
nr,nr.svg,0.653,SVG,"(512, 512)",1.0,,8,,"#002170,#ffb20d,#fff"
nu,nu.svg,0.82,SVG,"(512, 512)",1.0,,16,,"#012169,#c8102e,#fedd00,#fff"
nz,nz.svg,2.103,SVG,"(512, 512)",1.0,,16,,"#00247d,#012169,#c8102e,#cc142b,#fff"
om,om.svg,21.687,SVG,"(512, 512)",1.0,,100,,"#009025,#ef0000,#ef2d29,#fff"
pa,pa.svg,0.626,SVG,"(512, 512)",1.0,,10,,"#0000ab,#d80000,#db0000,#fff"
pe,pe.svg,0.182,SVG,"(512, 512)",1.0,,4,,"#d91023,#fff"
pf,pf.svg,3.901,SVG,"(512, 512)",1.0,,20,,"#083d9c,#de2010,#ef7d08,#fff"
pg,pg.svg,2.034,SVG,"(512, 512)",1.0,,12,,"#000001,#fc0,#fff"
ph,ph.svg,1.393,SVG,"(512, 512)",1.0,,8,,"#0038a8,#ce1126,#fcd116,#fff"
pk,pk.svg,0.661,SVG,"(512, 512)",1.0,,10,,"#0c590b,#fff"
pl,pl.svg,0.214,SVG,"(512, 512)",1.0,,4,,"#dc143c,#fff"
pm,pm.svg,0.226,SVG,"(512, 512)",1.0,,6,,"#000091,#e1000f,#fff"
pn,pn.svg,13.126,SVG,"(512, 512)",1.0,,100,,"#00247d,#006ec7,#012169,#316d3a,#337321,#96877d,#c8102e,#e5e5e5,#f7e017,#fff"
pr,pr.svg,0.594,SVG,"(512, 512)",1.0,,10,,"#0050f0,#ed0000,#fff"
ps,ps.svg,0.275,SVG,"(512, 512)",1.0,,8,,"#009639,#ed2e38,#fff"
pt,pt.svg,8.173,SVG,"(512, 512)",1.0,,68,,"#000001,#039,#060,#ff0,#fff"
pw,pw.svg,0.499,SVG,"(512, 512)",1.0,,6,,"#4aadd6,#ffde00"
py,py.svg,15.978,SVG,"(512, 512)",1.0,,100,,"#0038a8,#009b3a,#d52b1e,#fedf00,#fff"
qa,qa.svg,0.343,SVG,"(512, 512)",1.0,,4,,"#8d1b3d,#fff"
re,re.svg,0.282,SVG,"(512, 512)",1.0,,6,,"#00267f,#f31830,#fff"
ro,ro.svg,0.295,SVG,"(512, 512)",1.0,,6,,"#00319c,#de2110,#ffde00"
rs,rs.svg,177.224,SVG,"(512, 512)",1.0,,100,,"#0c4076,#21231e,#c6363c,#edb92e,#fff"
ru,ru.svg,0.228,SVG,"(512, 512)",1.0,,6,,"#0039a6,#d52b1e,#fff"
rw,rw.svg,0.738,SVG,"(512, 512)",1.0,,10,,"#00a1de,#20603d,#e5be01,#fad201"
sa,sa.svg,9.622,SVG,"(512, 512)",1.0,,34,,"#165d31,#fff"
sb,sb.svg,0.925,SVG,"(512, 512)",1.0,,10,,"#0000d6,#006000,#fc0,#fff"
sc,sc.svg,0.313,SVG,"(512, 512)",1.0,,10,,"#003d88,#007a39,#d92223,#fcd955,#fff"
sd,sd.svg,0.495,SVG,"(512, 512)",1.0,,10,,"#000001,#009a00,#fff"
se,se.svg,0.218,SVG,"(512, 512)",1.0,,4,,"#005293,#fecb00"
sg,sg.svg,0.926,SVG,"(512, 512)",1.0,,10,,"#df0000,#fff"
sh,sh.svg,0.493,SVG,"(512, 512)",1.0,,10,,"#012169,#c8102e,#fff"
si,si.svg,1.966,SVG,"(512, 512)",1.0,,20,,"#0000bf,#d50000,#ffdf00,#fff"
sj,sj.svg,0.311,SVG,"(512, 512)",1.0,,10,,"#002868,#ef2b2d,#fff"
sk,sk.svg,1.134,SVG,"(512, 512)",1.0,,14,,"#0b4ea2,#ee1c25,#fff"
sl,sl.svg,0.431,SVG,"(512, 512)",1.0,,8,,"#0000cd,#00cd00,#fff"
sm,sm.svg,15.18,SVG,"(512, 512)",1.0,,100,,"#006800,#19b6ef,#4fd46b,#65c7ff,#8fc753,#9d4916,#b97700,#c76e2e,#e40000,#fd0,#ffe100,#fff"
sn,sn.svg,0.401,SVG,"(512, 512)",1.0,,8,,"#0b7226,#bc0000,#ff0"
so,so.svg,0.478,SVG,"(512, 512)",1.0,,6,,"#40a6ff,#fff"
sr,sr.svg,0.31,SVG,"(512, 512)",1.0,,8,,"#377e3f,#b40a2d,#ecc81d,#fff"
ss,ss.svg,0.399,SVG,"(512, 512)",1.0,,12,,"#000001,#078930,#0f47af,#da121a,#fcdd09,#fff"
st,st.svg,0.936,SVG,"(512, 512)",1.0,,8,,"#000001,#12ad2b,#d21034,#ffce00"
sv,sv.svg,75.895,SVG,"(512, 512)",1.0,,100,,"#00209f,#007e93,#011322,#011d33,#0f47af,#1f601a,#e60000,#fc0,#fff"
sx,sx.svg,11.87,SVG,"(512, 512)",1.0,,96,,"#002395,#008737,#009fc5,#7e7e7e,#80cfe1,#bc715f,#ed2939,#ff0,#fff"
sy,sy.svg,0.383,SVG,"(512, 512)",1.0,,8,,"#007a3d,#ce1126,#fff"
sz,sz.svg,4.524,SVG,"(512, 512)",1.0,,32,,"#333,#3e5eb9,#a70000,#b10c0c,#b3b3b3,#ffd900,#fff"
tc,tc.svg,6.927,SVG,"(512, 512)",1.0,,56,,"#000001,#002868,#009e49,#012169,#9e540a,#c8102e,#ce1126,#f1b2dc,#fcad56,#fcd116,#ffa1a1,#fff"
td,td.svg,0.276,SVG,"(512, 512)",1.0,,6,,"#002664,#c60c30,#fecb00"
tf,tf.svg,1.172,SVG,"(512, 512)",1.0,,12,,"#002395,#ed2939,#fff"
tg,tg.svg,0.701,SVG,"(512, 512)",1.0,,12,,"#118600,#d80000,#ffe300,#fff"
th,th.svg,0.278,SVG,"(512, 512)",1.0,,6,,"#2d2a4a,#a51931,#f4f5f8"
tj,tj.svg,1.77,SVG,"(512, 512)",1.0,,18,,"#060,#c00,#f8c300,#fff"
tk,tk.svg,0.733,SVG,"(512, 512)",1.0,,6,,"#00247d,#fed100,#fff"
tl,tl.svg,0.576,SVG,"(512, 512)",1.0,,10,,"#000001,#cb000f,#f8c00c,#fff"
tm,tm.svg,37.324,SVG,"(512, 512)",1.0,,100,,"#00843d,#383739,#d22630,#ffc72c,#fff"
tn,tn.svg,0.331,SVG,"(512, 512)",1.0,,4,,"#e70013,#fff"
to,to.svg,0.35,SVG,"(512, 512)",1.0,,8,,"#c10000,#fff"
tr,tr.svg,0.548,SVG,"(512, 512)",1.0,,8,,"#e30a17,#fff"
tt,tt.svg,0.305,SVG,"(512, 512)",1.0,,6,,"#000001,#e00000,#fff"
tv,tv.svg,1.311,SVG,"(512, 512)",1.0,,14,,"#009fca,#012169,#c8102e,#fff,#fff40d"
tw,tw.svg,2.447,SVG,"(512, 512)",1.0,,48,,"#000095,#fff"
tz,tz.svg,0.597,SVG,"(512, 512)",1.0,,10,,"#000001,#090,#09f,#ff0"
ua,ua.svg,0.227,SVG,"(512, 512)",1.0,,4,,#0057b8
ug,ug.svg,3.898,SVG,"(512, 512)",1.0,,44,,"#000001,#9ca69c,#de3108,#de3908,#ffe700,#fff,#fffdff"
um,um.svg,0.635,SVG,"(512, 512)",1.0,,10,,"#192f5d,#bd3d44,#fff"
us,us.svg,0.635,SVG,"(512, 512)",1.0,,10,,"#192f5d,#bd3d44,#fff"
uy,uy.svg,1.681,SVG,"(512, 512)",1.0,,20,,"#0038a8,#fcd116,#fff"
uz,uz.svg,1.462,SVG,"(512, 512)",1.0,,14,,"#0099b5,#1eb53a,#ce1126,#fff"
va,va.svg,27.987,SVG,"(512, 512)",1.0,,100,,"#ccc,#ce9d09,#fa0204,#ffe000,#fff"
vc,vc.svg,0.466,SVG,"(512, 512)",1.0,,8,,"#0058aa,#199a00,#f4f100"
ve,ve.svg,1.196,SVG,"(512, 512)",1.0,,8,,"#00247d,#cf142b,#fc0,#fff"
vg,vg.svg,9.761,SVG,"(512, 512)",1.0,,60,,"#006,#006129,#012169,#9c5100,#c8102e,#ffc6b5,#ffc72c,#fff"
vi,vi.svg,8.247,SVG,"(512, 512)",1.0,,42,,"#0081c6,#162667,#369443,#a60032,#f4c53d,#fff"
vn,vn.svg,0.478,SVG,"(512, 512)",1.0,,6,,"#da251d,#ff0"
vu,vu.svg,1.964,SVG,"(512, 512)",1.0,,16,,"#009543,#d21034,#fdce12"
wf,wf.svg,0.226,SVG,"(512, 512)",1.0,,6,,"#000091,#e1000f,#fff"
ws,ws.svg,0.683,SVG,"(512, 512)",1.0,,6,,"#002b7f,#ce1126,#fff"
xk,xk.svg,9.421,SVG,"(480, 640)",1.33,,16,,"#244aa5,#d0a650,#fff"
ye,ye.svg,0.28,SVG,"(512, 512)",1.0,,6,,"#000001,#f10600,#fff"
yt,yt.svg,0.226,SVG,"(512, 512)",1.0,,6,,"#000091,#e1000f,#fff"
za,za.svg,0.836,SVG,"(512, 512)",1.0,,14,,"#000001,#000c8a,#007847,#e1392d,#ffb915,#fff"
zm,zm.svg,5.188,SVG,"(512, 512)",1.0,,34,,"#000001,#198a00,#de2010,#ef7d00"
zw,zw.svg,6.021,SVG,"(512, 512)",1.0,,24,,"#000001,#006400,#00f,#d40000,#fc0,#ffd200,#fff"
